Compound_ID,Name,InChI,SMILES,logPapp,MW,LogP,TPSA,HBD,HBA,RotatableBonds,RingCount,FractionCSP3
1,Acetazolamide,"InChI=1S/C4H6N4O3S2/c1-2(9)6-3-7-8-4(12-3)13(5,10)11/h1H3,(H2,5,10,11)(H,6,7,9)",CC(=O)Nc1nnc(S(N)(=O)=O)s1,-6.04,222.251,-0.8561000000000003,115.03999999999999,2,6,2,1,0.25
2,Alprenolol,"InChI=1S/C15H23NO2/c1-4-7-13-8-5-6-9-15(13)18-11-14(17)10-16-12(2)3/h4-6,8-9,12,14,16-17H,1,7,10-11H2,2-3H3",C=CCc1ccccc1OCC(O)CNC(C)C,-4.54,249.35399999999996,2.1528,41.49,2,3,8,1,0.4666666666666667
3,Atenolol,"InChI=1S/C14H22N2O3/c1-10(2)16-8-12(17)9-19-13-5-3-11(4-6-13)7-14(15)18/h3-6,10,12,16-17H,7-9H2,1-2H3,(H2,15,18)",CC(C)NCC(O)COc1ccc(CC(N)=O)cc1,-6.17,266.34099999999995,0.45210000000000006,84.57999999999998,3,4,8,1,0.5
4,Benzolamide,"InChI=1S/C8H8N4O4S3/c9-18(13,14)8-11-10-7(17-8)12-19(15,16)6-4-2-1-3-5-6/h1-5H,(H,10,12)(H2,9,13,14)",NS(=O)(=O)c1nnc(NS(=O)(=O)c2ccccc2)s1,-6.85,320.377,-0.01369999999999938,132.11,2,7,4,2,0.0
5,Bevantolol,"InChI=1S/C20H27NO4/c1-15-5-4-6-18(11-15)25-14-17(22)13-21-10-9-16-7-8-19(23-2)20(12-16)24-3/h4-8,11-12,17,21-22H,9-10,13-14H2,1-3H3",COc1ccc(CCNCC(O)COc2cccc(C)c2)cc1OC,-4.27,345.43900000000014,2.584220000000001,59.95,2,5,10,2,0.4
6,N-bromoacetazolamide,"InChI=1S/C4H5BrN4O3S2/c1-2(10)9(5)3-7-8-4(13-3)14(6,11)12/h1H3,(H2,6,11,12)",CC(=O)N(Br)c1nnc(S(N)(=O)=O)s1,-6.42,301.147,-0.15169999999999995,106.25,1,6,2,1,0.25
7,Bufuralol,"InChI=1S/C16H23NO2/c1-5-11-7-6-8-12-9-14(19-15(11)12)13(18)10-17-16(2,3)4/h6-9,13,17-18H,5,10H2,1-4H3",CCc1cccc2cc(C(O)CNC(C)(C)C)oc12,-4.24,261.36499999999995,3.4167000000000014,45.4,2,3,4,2,0.5
8,Chlorzolamide,"InChI=1S/C8H6ClN3O2S2/c9-6-4-2-1-3-5(6)7-11-12-8(15-7)16(10,13)14/h1-4H,(H2,10,13,14)",NS(=O)(=O)c1nnc(-c2ccccc2Cl)s1,-4.74,275.742,1.5059000000000005,85.94000000000001,1,5,2,2,0.0
9,Clonidine,"InChI=1S/C9H9Cl2N3/c10-6-2-1-3-7(11)8(6)14-9-12-4-5-13-9/h1-3H,4-5H2,(H2,12,13,14)",Clc1cccc(Cl)c1NC1=NCCN1,-4.51,230.09799999999998,2.3644999999999996,36.42,2,3,1,2,0.2222222222222222
10,Corynanthine,"InChI=1S/C21H26N2O3/c1-26-21(25)19-15-10-17-20-14(13-4-2-3-5-16(13)22-20)8-9-23(17)11-12(15)6-7-18(19)24/h2-5,12,15,17-19,22,24H,6-11H2,1H3/t12-,15-,17-,18-,19-/m0/s1",COC(=O)C1[C@H]2C[C@H]3c4[nH]c5ccccc5c4CCN3C[C@@H]2CC[C@@H]1O,-4.96,354.4500000000001,2.6471000000000013,65.56,2,4,1,5,0.5714285714285714
11,Cyclophosphamide,"InChI=1S/C7H15Cl2N2O2P/c8-2-5-11(6-3-9)14(12)10-4-1-7-13-14/h1-7H2,(H,10,12)",O=P1(N(CCCl)CCCl)NCCCO1,-4.96,261.089,1.884,41.57000000000001,1,2,5,1,1.0
12,Ethoxazolamide,"InChI=1S/C9H10N2O3S2/c1-2-14-6-3-4-7-8(5-6)15-9(11-7)16(10,12)13/h3-5H,2H2,1H3,(H2,10,12,13)",CCOc1ccc2nc(S(N)(=O)=O)sc2c1,-4.25,258.32399999999996,1.3424,82.28,1,5,3,2,0.2222222222222222
13,2-benzothiazolesulfonamide,"InChI=1S/C7H6N2O2S2/c8-13(10,11)7-9-5-3-1-2-4-6(5)12-7/h1-4H,(H2,8,10,11)",NS(=O)(=O)c1nc2ccccc2s1,-4.44,214.27100000000002,0.9437,73.05000000000001,1,4,1,2,0.0
14,6-hydroxy-2-benzo-thiazolesulfonamide,"InChI=1S/C7H6N2O3S2/c8-14(11,12)7-9-5-2-1-4(10)3-6(5)13-7/h1-3,10H,(H2,8,11,12)",NS(=O)(=O)c1nc2ccc(O)cc2s1,-5.25,230.27,0.6493,93.28000000000002,2,5,1,2,0.0
15,6-chloro-2-benzo-thiazolesulfonamide,"InChI=1S/C7H5ClN2O2S2/c8-4-1-2-5-6(3-4)13-7(10-5)14(9,11)12/h1-3H,(H2,9,11,12)",NS(=O)(=O)c1nc2ccc(Cl)cc2s1,-4.37,248.716,1.5971,73.05000000000001,1,4,1,2,0.0
16,"4,6-dichloro-2-benzo-thiazolesulfonamide","InChI=1S/C7H4Cl2N2O2S2/c8-3-1-4(9)6-5(2-3)14-7(11-6)15(10,12)13/h1-2H,(H2,10,12,13)",NS(=O)(=O)c1nc2c(Cl)cc(Cl)cc2s1,-4.41,283.161,2.2505000000000006,73.05000000000001,1,4,1,2,0.0
17,6-amino-2-benzo-thiazolesulfonamide,"InChI=1S/C7H7N3O2S2/c8-4-1-2-5-6(3-4)13-7(10-5)14(9,11)12/h1-3H,8H2,(H2,9,11,12)",Nc1ccc2nc(S(N)(=O)=O)sc2c1,-5.17,229.286,0.5259000000000003,99.07,2,5,1,2,0.0
18,6-nitro-2-benzo-thiazolesulfonamide,"InChI=1S/C7H5N3O4S2/c8-16(13,14)7-9-5-2-1-4(10(11)12)3-6(5)15-7/h1-3H,(H2,8,13,14)",NS(=O)(=O)c1nc2ccc([N+](=O)[O-])cc2s1,-5.18,259.268,0.8519000000000003,116.19000000000003,1,6,2,2,0.0
19,6-hydroxyethoxy-2-benzothiazolesulfonamide,"InChI=1S/C9H10N2O4S2/c10-17(13,14)9-11-7-2-1-6(15-4-3-12)5-8(7)16-9/h1-2,5,12H,3-4H2,(H2,10,13,14)",NS(=O)(=O)c1nc2ccc(OCCO)cc2s1,-5.82,274.323,0.3148,102.51000000000002,2,6,4,2,0.2222222222222222
20,6-benzyloxy-2-benzo-thiazolesulfonamide,"InChI=1S/C14H12N2O3S2/c15-21(17,18)14-16-12-7-6-11(8-13(12)20-14)19-9-10-4-2-1-3-5-10/h1-8H,9H2,(H2,15,17,18)",NS(=O)(=O)c1nc2ccc(OCc3ccccc3)cc2s1,-4.33,320.39500000000004,2.5227000000000013,82.28000000000002,1,5,4,3,0.07142857142857142
21,6-acetamido-2-benzo-thiazolesulfonamide,"InChI=1S/C9H9N3O3S2/c1-5(13)11-6-2-3-7-8(4-6)16-9(12-7)17(10,14)15/h2-4H,1H3,(H,11,13)(H2,10,14,15)",CC(=O)Nc1ccc2nc(S(N)(=O)=O)sc2c1,-5.33,271.323,0.9020999999999999,102.15,2,5,2,2,0.1111111111111111
22,Levobunolol,"InChI=1S/C17H25NO3/c1-17(2,3)18-10-12(19)11-21-16-9-5-6-13-14(16)7-4-8-15(13)20/h5-6,9,12,18-19H,4,7-8,10-11H2,1-3H3/t12-/m0/s1",CC(C)(C)NC[C@H](O)COc1cccc2c1CCCC2=O,-4.7,291.391,2.3334,58.559999999999995,2,4,5,2,0.5882352941176471
23,Labetalol,"InChI=1S/C19H24N2O3/c1-13(7-8-14-5-3-2-4-6-14)21-12-18(23)15-9-10-17(22)16(11-15)19(20)24/h2-6,9-11,13,18,21-23H,7-8,12H2,1H3,(H2,20,24)",CC(CCc1ccccc1)NCC(O)c1ccc(O)c(C(N)=O)c1,-4.85,328.4120000000001,2.1353999999999997,95.57999999999998,4,4,8,2,0.3157894736842105
24,Methazolamide,"InChI=1S/C5H8N4O3S2/c1-3(10)7-4-9(2)8-5(13-4)14(6,11)12/h1-2H3,(H2,6,11,12)/b7-4-",CC(=O)/N=c1\sc(S(N)(=O)=O)nn1C,-5.59,236.278,-1.4237999999999997,107.41,1,5,1,1,0.4
25,"5-imino-4-methyl-1,3,4-thiadiazoline-2-sulfonamide","InChI=1S/C3H6N4O2S2/c1-7-2(4)10-3(6-7)11(5,8)9/h4H,1H3,(H2,5,8,9)",Cn1nc(S(N)(=O)=O)sc1=N,-6.11,194.24100000000004,-1.3915299999999995,101.83000000000001,2,5,1,1,0.3333333333333333
26,Metoprolol,"InChI=1S/C15H25NO3/c1-12(2)16-10-14(17)11-19-15-6-4-13(5-7-15)8-9-18-3/h4-7,12,14,16-17H,8-11H2,1-3H3",COCCc1ccc(OCC(O)CNC(C)C)cc1,-4.6,267.36899999999997,1.6132,50.72,2,4,9,1,0.6
27,Nadolol,"InChI=1S/C17H27NO4/c1-17(2,3)18-9-12(19)10-22-16-6-4-5-11-7-14(20)15(21)8-13(11)16/h4-6,12,14-15,18-21H,7-10H2,1-3H3/t12?,14-,15+/m1/s1",CC(C)(C)NCC(O)COc1cccc2c1C[C@H](O)[C@H](O)C2,-6.0,309.406,0.6347999999999998,81.95,4,5,5,2,0.6470588235294118
28,Oxprenolol,"InChI=1S/C15H23NO3/c1-4-9-18-14-7-5-6-8-15(14)19-11-13(17)10-16-12(2)3/h4-8,12-13,16-17H,1,9-11H2,2-3H3",C=CCOc1ccccc1OCC(O)CNC(C)C,-4.54,265.35299999999995,1.9890999999999999,50.72,2,4,9,1,0.4666666666666667
29,Penbutolol,"InChI=1S/C18H29NO2/c1-18(2,3)19-12-15(20)13-21-17-11-7-6-10-16(17)14-8-4-5-9-14/h6-7,10-11,14-15,19-20H,4-5,8-9,12-13H2,1-3H3/t15-/m0/s1",CC(C)(C)NC[C@H](O)COc1ccccc1C1CCCC1,-4.35,291.4350000000001,3.472000000000002,41.489999999999995,2,3,6,2,0.6666666666666666
30,Phenylephrine,"InChI=1S/C9H13NO2/c1-10-6-9(12)7-3-2-4-8(11)5-7/h2-5,9-12H,6H2,1H3/t9-/m0/s1",CNC[C@H](O)c1cccc(O)c1,-6.03,167.20799999999997,0.645,52.489999999999995,3,3,3,1,0.3333333333333333
31,Pindolol,"InChI=1S/C14H20N2O2/c1-10(2)16-8-11(17)9-18-14-5-3-4-13-12(14)6-7-15-13/h3-7,10-11,15-17H,8-9H2,1-2H3",CC(C)NCC(O)COc1cccc2[nH]ccc12,-5.0,248.32600000000002,1.9055999999999995,57.279999999999994,3,3,6,2,0.42857142857142855
32,Propranolol,"InChI=1S/C16H21NO2/c1-12(2)17-10-14(18)11-19-16-9-5-7-13-6-3-4-8-15(13)16/h3-9,12,14,17-18H,10-11H2,1-2H3",CC(C)NCC(O)COc1cccc2ccccc12,-4.32,259.34900000000005,2.5775000000000006,41.489999999999995,2,3,6,2,0.375
33,Rauwolfine,"InChI=1/C20H26N2O2/c1-3-10-11-8-14-17-20(12-6-4-5-7-13(12)21(17)2)9-15(16(11)18(20)23)22(14)19(10)24/h4-7,10-11,14-19,23-24H,3,8-9H2,1-2H3",CCC1C2CC3C4N(C)c5ccccc5C45CC(C2C5O)N3C1O,-5.04,326.44,1.5545,46.94,2,4,1,7,0.7
34,"6H,7H,8H,9H-[1,2,3]thiadiazolo[5,4-h]isoquinoline","InChI=1S/C9H9N3S/c1-2-8-9(11-12-13-8)7-5-10-4-3-6(1)7/h1-2,10H,3-5H2",c1cc2snnc2c2c1CCNC2,-4.1,191.25899999999996,1.3369999999999995,37.81,1,4,0,3,0.3333333333333333
35,Benalfocin,"InChI=1S/C11H14ClN/c1-13-7-5-9-3-2-4-11(12)10(9)6-8-13/h2-4H,5-8H2,1H3",CN1CCc2cccc(Cl)c2CC1,-4.15,195.69299999999996,2.370400000000001,3.24,0,1,0,2,0.45454545454545453
36,"5,8-dimethoxy-1,2,3,4-tetrahydroisoquinoline","InChI=1S/C11H15NO2/c1-13-10-3-4-11(14-2)9-7-12-6-5-8(9)10/h3-4,12H,5-7H2,1-2H3",COc1ccc(OC)c2c1CCNC2,-4.31,193.24599999999995,1.3495,30.490000000000002,1,3,2,2,0.45454545454545453
37,Sotalol,"InChI=1S/C12H20N2O3S/c1-9(2)13-8-12(15)10-4-6-11(7-5-10)14-18(3,16)17/h4-7,9,12-15H,8H2,1-3H3",CC(C)NCC(O)c1ccc(NS(C)(=O)=O)cc1,-5.8,272.37,1.0895000000000001,78.43,3,4,6,1,0.5
38,1[(N-methylamino) sulfonyl]-4-chloro-benzene,"InChI=1S/C7H8ClNO2S/c1-9-12(10,11)7-4-2-6(8)3-5-7/h2-5,9H,1H3",CNS(=O)(=O)c1ccc(Cl)cc1,-4.19,205.666,1.2480999999999998,46.17,1,2,2,1,0.14285714285714285
39,4-chlorobenzene-1-sulfonamide,"InChI=1S/C6H6ClNO2S/c7-5-1-3-6(4-2-5)11(8,9)10/h1-4H,(H2,8,9,10)",NS(=O)(=O)c1ccc(Cl)cc1,-4.26,191.63899999999998,0.9874000000000003,60.160000000000004,1,2,1,1,0.0
40,"(3Z)-3-(phenylimino)-[1,2,4]thiadiazolo[3,4-b][1,3,4]thiadiazole-6-sulfonamide","InChI=1S/C9H7N5O2S3/c10-19(15,16)9-12-14-7(18-13-8(14)17-9)11-6-4-2-1-3-5-6/h1-5H,(H2,10,15,16)/b11-7-",NS(=O)(=O)c1nn2/c(=N/c3ccccc3)snc2s1,-5.1,313.38900000000007,0.7321000000000008,102.71000000000001,1,7,2,3,0.0
41,"(3Z)-3-[(3-chlorophenyl)imino]-[1,2,4]thiadiazolo[3,4-b][1,3,4]thiadiazole-6-sulfonamide","InChI=1S/C9H6ClN5O2S3/c10-5-2-1-3-6(4-5)12-7-15-8(14-19-7)18-9(13-15)20(11,16)17/h1-4H,(H2,11,16,17)/b12-7-",NS(=O)(=O)c1nn2/c(=N/c3cccc(Cl)c3)snc2s1,-4.89,347.83400000000006,1.3855000000000008,102.71000000000001,1,7,2,3,0.0
42,"(3Z)-3-[(4-chlorophenyl)imino]-[1,2,4]thiadiazolo[3,4-b][1,3,4]thiadiazole-6-sulfonamide","InChI=1S/C9H6ClN5O2S3/c10-5-1-3-6(4-2-5)12-7-15-8(14-19-7)18-9(13-15)20(11,16)17/h1-4H,(H2,11,16,17)/b12-7-",NS(=O)(=O)c1nn2/c(=N/c3ccc(Cl)cc3)snc2s1,-5.08,347.83400000000006,1.385500000000001,102.71000000000001,1,7,2,3,0.0
43,"(3Z)-3-[(3-methoxyphenyl)imino]-[1,2,4]thiadiazolo[3,4-b][1,3,4]thiadiazole-6-sulfonamide","InChI=1S/C10H9N5O3S3/c1-18-7-4-2-3-6(5-7)12-8-15-9(14-20-8)19-10(13-15)21(11,16)17/h2-5H,1H3,(H2,11,16,17)/b12-8-",COc1cccc(/N=c2\snc3sc(S(N)(=O)=O)nn23)c1,-5.35,343.4150000000001,0.7407000000000002,111.93999999999998,1,8,3,3,0.1
44,"(3Z)-3-[(4-methoxyphenyl)imino]-[1,2,4]thiadiazolo[3,4-b][1,3,4]thiadiazole-6-sulfonamide","InChI=1S/C10H9N5O3S3/c1-18-7-4-2-6(3-5-7)12-8-15-9(14-20-8)19-10(13-15)21(11,16)17/h2-5H,1H3,(H2,11,16,17)/b12-8-",COc1ccc(/N=c2\snc3sc(S(N)(=O)=O)nn23)cc1,-5.28,343.4150000000001,0.7407,111.93999999999998,1,8,3,3,0.1
45,"(3Z)-3-[(4-hydroxyphenyl)imino]-[1,2,4]thiadiazolo[3,4-b][1,3,4]thiadiazole-6-sulfonamide","InChI=1S/C9H7N5O3S3/c10-20(16,17)9-12-14-7(19-13-8(14)18-9)11-5-1-3-6(15)4-2-5/h1-4,15H,(H2,10,16,17)/b11-7-",NS(=O)(=O)c1nn2/c(=N/c3ccc(O)cc3)snc2s1,-6.46,329.38800000000003,0.4377000000000008,122.94000000000001,2,8,2,3,0.0
46,"(3Z)-3-[(3-fluorophenyl)imino]-[1,2,4]thiadiazolo[3,4-b][1,3,4]thiadiazole-6-sulfonamide","InChI=1S/C9H6FN5O2S3/c10-5-2-1-3-6(4-5)12-7-15-8(14-19-7)18-9(13-15)20(11,16)17/h1-4H,(H2,11,16,17)/b12-7-",NS(=O)(=O)c1nn2/c(=N/c3cccc(F)c3)snc2s1,-5.19,331.379,0.871200000000001,102.71000000000001,1,7,2,3,0.0
47,"(3Z)-3-[(4-fluorophenyl)imino]-[1,2,4]thiadiazolo[3,4-b][1,3,4]thiadiazole-6-sulfonamide","InChI=1S/C9H6FN5O2S3/c10-5-1-3-6(4-2-5)12-7-15-8(14-19-7)18-9(13-15)20(11,16)17/h1-4H,(H2,11,16,17)/b12-7-",NS(=O)(=O)c1nn2/c(=N/c3ccc(F)cc3)snc2s1,-5.39,331.379,0.8712000000000008,102.71000000000001,1,7,2,3,0.0
48,"(3Z)-3-{[4-(dimethylamino)phenyl]imino}-[1,2,4]thiadiazolo[3,4-b][1,3,4]thiadiazole-6-sulfonamide","InChI=1S/C11H12N6O2S3/c1-16(2)8-5-3-7(4-6-8)13-9-17-10(15-21-9)20-11(14-17)22(12,18)19/h3-6H,1-2H3,(H2,12,18,19)/b13-9-",CN(C)c1ccc(/N=c2\snc3sc(S(N)(=O)=O)nn23)cc1,-5.24,356.4580000000001,0.7981,105.95,1,8,3,3,0.18181818181818182
49,Timolol,"InChI=1S/C13H24N4O3S/c1-13(2,3)14-8-10(18)9-20-12-11(15-21-16-12)17-4-6-19-7-5-17/h10,14,18H,4-9H2,1-3H3/t10-/m0/s1",CC(C)(C)NC[C@H](O)COc1nsnc1N1CCOCC1,-4.92,316.4270000000002,0.5024999999999997,79.74,2,8,6,2,0.8461538461538461
50,Trichlormethazolamide,"InChI=1S/C5H5Cl3N4O3S2/c1-12-3(10-2(13)5(6,7)8)16-4(11-12)17(9,14)15/h1H3,(H2,9,14,15)/b10-3+",Cn1nc(S(N)(=O)=O)s/c1=N/C(=O)C(Cl)(Cl)Cl,-4.96,339.61299999999994,-0.07349999999999934,107.41,1,5,1,1,0.4
51,Trifluormethazolamide,"InChI=1S/C5H5F3N4O3S2/c1-12-3(10-2(13)5(6,7)8)16-4(11-12)17(9,14)15/h1H3,(H2,9,14,15)/b10-3+",Cn1nc(S(N)(=O)=O)s/c1=N/C(=O)C(F)(F)F,-5.41,290.248,-0.8814,107.41,1,5,1,1,0.4
52,Yohimbine,"InChI=1S/C21H26N2O3/c1-26-21(25)19-15-10-17-20-14(13-4-2-3-5-16(13)22-20)8-9-23(17)11-12(15)6-7-18(19)24/h2-5,12,15,17-19,22,24H,6-11H2,1H3/t12-,15-,17-,18-,19+/m0/s1",COC(=O)C1[C@H]2C[C@H]3c4[nH]c5ccccc5c4CCN3C[C@@H]2CC[C@@H]1O,-4.74,354.4500000000001,2.6471000000000013,65.56,2,4,1,5,0.5714285714285714
53,Cinoxacin,"InChI=1S/C12H10N2O5/c1-2-14-7-4-9-8(18-5-19-9)3-6(7)11(15)10(13-14)12(16)17/h3-4H,2,5H2,1H3,(H,16,17)",CCn1nc(C(=O)O)c(=O)c2cc3c(cc21)OCO3,-5.82,262.22099999999995,0.8432999999999997,90.65,1,5,2,3,0.25
54,Nalidixic acid,"InChI=1S/C12H12N2O3/c1-3-14-6-9(12(16)17)10(15)8-5-4-7(2)13-11(8)14/h4-6H,3H2,1-2H3,(H,16,17)",CCn1cc(C(=O)O)c(=O)c2ccc(C)nc21,-4.77,232.23899999999998,1.4230200000000002,72.19,1,3,2,2,0.25
55,Enoxacin,"InChI=1S/C15H17FN4O3/c1-2-19-8-10(15(22)23)12(21)9-7-11(16)14(18-13(9)19)20-5-3-17-4-6-20/h7-8,17H,2-6H2,1H3,(H,22,23)",CCn1cc(C(=O)O)c(=O)c2cc(F)c(N3CCNCC3)nc21,-5.77,320.324,0.6633000000000002,87.46000000000001,2,5,3,3,0.4
56,Norfloxacin,"InChI=1S/C16H18FN3O3/c1-2-19-9-11(16(22)23)15(21)10-7-12(17)14(8-13(10)19)20-5-3-18-4-6-20/h7-9,18H,2-6H2,1H3,(H,22,23)",CCn1cc(C(=O)O)c(=O)c2cc(F)c(N3CCNCC3)cc21,-5.85,319.336,1.2683,74.57000000000001,2,4,3,3,0.375
57,Ofloxacin,"InChI=1S/C18H20FN3O4/c1-10-9-26-17-14-11(16(23)12(18(24)25)8-22(10)14)7-13(19)15(17)21-5-3-20(2)4-6-21/h7-8,10H,3-6,9H2,1-2H3,(H,24,25)",CC1COc2c(N3CCN(C)CC3)c(F)cc3c(=O)c(C(=O)O)cn1c23,-5.72,361.37300000000005,1.5439999999999998,75.00999999999999,1,5,2,4,0.4444444444444444
58,Ciprofloxacin,"InChI=1S/C17H18FN3O3/c18-13-7-11-14(8-15(13)20-5-3-19-4-6-20)21(10-1-2-10)9-12(16(11)22)17(23)24/h7-10,19H,1-6H2,(H,23,24)",O=C(O)c1cn(C2CC2)c2cc(N3CCNCC3)c(F)cc2c1=O,-5.89,331.34700000000004,1.5833,74.57,2,4,3,4,0.4117647058823529
59,Moxifloxacin,"InChI=1S/C21H24FN3O4/c1-29-20-17-13(19(26)14(21(27)28)9-25(17)12-4-5-12)7-15(22)18(20)24-8-11-3-2-6-23-16(11)10-24/h7,9,11-12,16,23H,2-6,8,10H2,1H3,(H,27,28)/t11-,16+/m0/s1",COc1c(N2C[C@@H]3CCCN[C@@H]3C2)c(F)cc2c(=O)c(C(=O)O)cn(C3CC3)c12,-5.04,401.4380000000002,2.3705000000000007,83.80000000000001,2,5,4,5,0.5238095238095238
60,Levofloxacin,"InChI=1S/C18H20FN3O4/c1-10-9-26-17-14-11(16(23)12(18(24)25)8-22(10)14)7-13(19)15(17)21-5-3-20(2)4-6-21/h7-8,10H,3-6,9H2,1-2H3,(H,24,25)/t10-/m0/s1",C[C@H]1COc2c(N3CCN(C)CC3)c(F)cc3c(=O)c(C(=O)O)cn1c23,-5.54,361.37300000000005,1.5439999999999998,75.00999999999999,1,5,2,4,0.4444444444444444
61,Gatifloxacin,"InChI=1S/C19H22FN3O4/c1-10-8-22(6-5-21-10)16-14(20)7-12-15(18(16)27-2)23(11-3-4-11)9-13(17(12)24)19(25)26/h7,9-11,21H,3-6,8H2,1-2H3,(H,25,26)",COc1c(N2CCNC(C)C2)c(F)cc2c(=O)c(C(=O)O)cn(C3CC3)c12,-5.6,375.40000000000015,1.9804,83.80000000000001,2,5,4,4,0.47368421052631576
62,Lomefloxacin,"InChI=1S/C17H19F2N3O3/c1-3-21-8-11(17(24)25)16(23)10-6-12(18)15(13(19)14(10)21)22-5-4-20-9(2)7-22/h6,8-9,20H,3-5,7H2,1-2H3,(H,24,25)",CCn1cc(C(=O)O)c(=O)c2cc(F)c(N3CCNC(C)C3)c(F)c21,-5.46,351.353,1.7959,74.57000000000001,2,4,3,3,0.4117647058823529
63,Buspirone,"InChI=1S/C21H31N5O2/c27-18-16-21(6-1-2-7-21)17-19(28)26(18)11-4-3-10-24-12-14-25(15-13-24)20-22-8-5-9-23-20/h5,8-9H,1-4,6-7,10-17H2",O=C1CC2(CCCC2)CC(=O)N1CCCCN1CCN(c2ncccn2)CC1,-4.18,385.5120000000001,2.0881999999999996,69.64000000000001,0,6,6,4,0.7142857142857143
64,Apraclonidine,"InChI=1S/C9H10Cl2N4/c10-6-3-5(12)4-7(11)8(6)15-9-13-1-2-14-9/h3-4H,1-2,12H2,(H2,13,14,15)",Nc1cc(Cl)c(NC2=NCCN2)c(Cl)c1,-5.42,245.113,1.9466999999999999,62.44,3,4,1,2,0.2222222222222222
65,Fluorescein,"InChI=1S/C20H12O5/c21-11-5-7-15-17(9-11)24-18-10-12(22)6-8-16(18)20(15)14-4-2-1-3-13(14)19(23)25-20/h1-10,21-22H",O=C1OC2(c3ccc(O)cc3Oc3cc(O)ccc32)c2ccccc21,-4.8,332.31100000000004,3.6658000000000017,75.99000000000001,2,5,0,5,0.05
66,Pilocarpine,"InChI=1S/C11H16N2O2/c1-3-10-8(6-15-11(10)14)4-9-5-12-7-13(9)2/h5,7-8,10H,3-4,6H2,1-2H3/t8-,10-/m0/s1",CCC1C(=O)OC[C@@H]1Cc1cncn1C,-5.01,208.261,1.1618000000000002,44.12,0,3,3,2,0.6363636363636364
67,Nepafenac,"InChI=1S/C15H14N2O2/c16-13(18)9-11-7-4-8-12(14(11)17)15(19)10-5-2-1-3-6-10/h1-8H,9,17H2,(H2,16,18)",NC(=O)Cc1cccc(C(=O)c2ccccc2)c1N,-4.13,254.289,1.5276,86.18,2,3,4,2,0.06666666666666667
68,Betaxolol,"InChI=1S/C18H29NO3/c1-14(2)19-11-17(20)13-22-18-7-5-15(6-8-18)9-10-21-12-16-3-4-16/h5-8,14,16-17,19-20H,3-4,9-13H2,1-2H3",CC(C)NCC(O)COc1ccc(CCOCC2CC2)cc1,-4.22,307.434,2.3933999999999997,50.72,2,4,11,2,0.6666666666666666
69,Dexamethasone,"InChI=1S/C22H29FO5/c1-12-8-16-15-5-4-13-9-14(25)6-7-19(13,2)21(15,23)17(26)10-20(16,3)22(12,28)18(27)11-24/h6-7,9,12,15-17,24,26,28H,4-5,8,10-11H2,1-3H3/t12-,15+,16+,17+,19+,20+,21+,22+/m1/s1",C[C@@H]1C[C@H]2[C@@H]3CC=C4CC(=O)C=C[C@]4(C)[C@@]3(F)[C@@H](O)C[C@]2(C)[C@@]1(O)C(=O)CO,-5.04,392.4670000000002,1.8957000000000002,94.83,3,5,2,4,0.7272727272727273
